model,fold,n_samples,MAE,MedAE,RMSE,R2,Pearson_r,Spearman_rho,Max_AE,Fraction_n_less_1
Angle_Aware_CGNN,0,953,0.18958842298026057,0.07004591462873866,0.6567420889864873,0.6147390089983451,0.7907290011162926,0.9538621100289465,14.283020598536268,0.0
Angle_Aware_CGNN,1,953,0.2572709423742359,0.06619989733877918,1.0479504252700604,0.4684093358277588,0.6894492387320413,0.9339830640812631,19.760567052008216,0.0
Angle_Aware_CGNN,2,953,0.41854385180649417,0.06389215695923744,2.9418074386494912,0.10045732750226677,0.3268534456201555,0.9154682265721316,59.10443828962959,0.0
Angle_Aware_CGNN,3,953,0.31758179870757863,0.061312959095801034,2.3337098366029285,0.08806744996943117,0.3073117895110412,0.9295998351959123,53.51736973154671,0.0
Angle_Aware_CGNN,4,952,0.3191694906678866,0.07176207375064536,1.6419233971843976,0.17648282956910777,0.43030315194979996,0.9114266849005944,28.62357298329657,0.0
MultiHead_GraphTransformer,0,953,0.24020637825446572,0.11093219505914553,0.6782897988046834,0.5890434485382015,0.7695297826344341,0.9385544753102301,14.524237019663587,0.0
MultiHead_GraphTransformer,1,953,0.3279517078684792,0.11738551901277638,1.0825403801416744,0.43273749442996445,0.6643227160851305,0.9027808457714255,19.434356314779823,0.0
MultiHead_GraphTransformer,2,953,0.47641972999836374,0.1020745358352464,2.9436432596376707,0.0993342665090895,0.3280562406526698,0.8924267654308128,58.883694156633986,0.0
MultiHead_GraphTransformer,3,953,0.37688987973427307,0.12082376536599915,2.285510605590065,0.12534761290764018,0.36404398370453395,0.9178055900582324,53.15166734087593,0.0
MultiHead_GraphTransformer,4,952,0.37873098533477983,0.10982047863277122,1.664672822190703,0.1535044994338729,0.41172029408483835,0.888054457219288,28.379778303654845,0.0
Hierarchical_Global_GNN,0,953,0.1874007812033872,0.07200379965608894,0.6637683211641325,0.6064513921751338,0.7903089666804018,0.9583998999374043,14.301036460047499,0.0
Hierarchical_Global_GNN,1,953,0.26445805539702355,0.06465155972129066,1.0736299763548232,0.4420373525905833,0.6739061374955778,0.9267261620080348,20.848508937002723,0.0
Hierarchical_Global_GNN,2,953,0.4098684129678929,0.06314106417264131,2.943954045964911,0.09914407405218073,0.3303583781372688,0.9206435115400408,59.2146494235865,0.0
Hierarchical_Global_GNN,3,953,0.30390660766595745,0.06040290558341388,2.3030222520233403,0.1118930426775484,0.3422611519039507,0.9468776169063832,52.67221473086006,0.0
Hierarchical_Global_GNN,4,952,0.2927883187810556,0.06313131146883921,1.6073552872975507,0.21079352107548976,0.46567436017476377,0.920878992197713,28.438489117177184,0.0
DualHead_LogDirect_GNN,0,953,0.1762509658023646,0.06444279597821145,0.6399009965377535,0.6342444622130095,0.8031003197423711,0.960800878155617,14.252132279520765,0.0
DualHead_LogDirect_GNN,1,953,0.25572901720871255,0.06588634248123926,1.0416922903853183,0.474739468692038,0.6917161659778428,0.9355020337484783,19.3369341918245,0.0
DualHead_LogDirect_GNN,2,953,0.4125152031395058,0.06232176343749707,2.9480654048204236,0.09662614873910247,0.32435300478837326,0.9196521955391943,59.19967149161018,0.0
DualHead_LogDirect_GNN,3,953,0.30220923333472965,0.059679941658437485,2.281066487326988,0.12874578528419134,0.3657362059151726,0.9592258614005014,52.89182613718636,0.0
DualHead_LogDirect_GNN,4,952,0.3078082578854795,0.06292469016040014,1.6221005456721527,0.1962473526479802,0.4516038037214257,0.9225362273986644,28.400631346257384,0.0
Ensemble_NNLS,0,953,0.17916824412313392,0.06393860580947885,0.6477403584534925,0.6252279003134431,0.8006780597780191,0.9616829629611555,14.334569837315874,0.0
Ensemble_NNLS,1,953,0.25175376126610444,0.06221106350521377,1.0471215002958385,0.4692499757877875,0.6933756999729639,0.9357117476016829,20.005325154749457,0.0
Ensemble_NNLS,2,953,0.4125152031395058,0.06232176343749707,2.9480654048204236,0.09662614873910247,0.32435300478837326,0.9196521955391943,59.19967149161018,0.0
Ensemble_NNLS,3,953,0.3074044866580783,0.07343321487259757,2.2892173295575904,0.12250822635468717,0.3589523822487137,0.9562134881341192,52.84904725721313,0.0
Ensemble_NNLS,4,952,0.2987211386454952,0.062390660736001746,1.6260370306761196,0.1923415536232307,0.4462652263520432,0.9213049414975607,28.511390370299594,0.0
Ensemble_InvVal,0,953,0.17680260764110625,0.06446157164747524,0.6430568557247913,0.6306279049704953,0.8027330245181468,0.9620745300310435,14.333169324045912,0.0
Ensemble_InvVal,1,953,0.2516353520571721,0.06414008540809935,1.0441680728091367,0.47223973596767155,0.6949324343197327,0.9358631752563634,19.854189974905555,0.0
Ensemble_InvVal,2,953,0.40546095249801367,0.05604729631042149,2.9405778704458907,0.10120912240853686,0.3318302996711997,0.9209906254154036,59.11243747137703,0.0
Ensemble_InvVal,3,953,0.2967925961323649,0.05814912716373932,2.293040254155591,0.11957500907472962,0.35423552836937744,0.9602248444179459,53.046871884943315,0.0
Ensemble_InvVal,4,952,0.2930362825839412,0.059361130238009596,1.6187118533934908,0.19960204655924008,0.45284419397985615,0.9214228621625652,28.46424476102179,0.0
CGCNN_Baseline,0,953,0.22392295850653404,0.0847335717961697,0.7007718920570798,0.5613494428847884,0.754412011132329,0.9360389489064315,14.44611154282643,0.0
CGCNN_Baseline,1,953,0.30374174260059633,0.09270544122227875,1.1013085040693877,0.4128976019405969,0.6547760886588944,0.9117315452493739,19.49395690643937,0.0
CGCNN_Baseline,2,953,0.45350949860317297,0.07817044927152228,2.9634563549990163,0.0871690480813645,0.30949743261044543,0.8968123714928962,59.122193559633864,0.0
CGCNN_Baseline,3,953,0.3269465724616334,0.07258586598182215,2.284755858050037,0.12592519302136462,0.36854721585245886,0.9440638381946291,53.30571602213509,0.0
CGCNN_Baseline,4,952,0.33707160803573005,0.08799912843553859,1.6244508470284724,0.19391651132538046,0.44744806161331535,0.8984369068913749,28.46731702283209,0.0
PE_Attn_CGNN,0,953,0.20968362861719125,0.07943447215409116,0.6694972863422203,0.5996286619996432,0.7766774672092106,0.9530907398852329,14.282719237452284,0.0
PE_Attn_CGNN,1,953,0.26983993225955033,0.07738564366869594,1.0731153125998696,0.4425721631475965,0.6776468221534585,0.9367535371457552,19.409241301657264,0.0
PE_Attn_CGNN,2,953,0.4232602946245782,0.0699922947330518,2.9397011186414868,0.10174500282550192,0.33062416135468314,0.918056638533755,58.680503353106154,0.0
PE_Attn_CGNN,3,953,0.3129694395493163,0.06861115902891268,2.2844598075712406,0.1261516973097212,0.3632900444919331,0.956346715064916,53.015122636438676,0.0
PE_Attn_CGNN,4,952,0.3192609965311054,0.07139717329423845,1.6117706860791505,0.20645167141889198,0.4601736187990931,0.9150154731147532,28.02599827245062,0.0
Global_CGNN,0,953,0.19445732458259266,0.06987335795836214,0.6585874689921944,0.612570876956092,0.7859550503897152,0.95189920028639,14.446441037302748,0.0
Global_CGNN,1,953,0.26763617413157764,0.08086086123826886,1.0444609463267662,0.47194363673636275,0.6917282993836835,0.9302631249255934,19.521360737921302,0.0
Global_CGNN,2,953,0.41537349414609476,0.06855018254105705,2.94138679225746,0.10071455870096135,0.32743580254055593,0.9168521633542313,59.07759688757576,0.0
Global_CGNN,3,953,0.3040182410287765,0.0641829992585412,2.2751016694178916,0.13329635674344176,0.3731504395420512,0.9595796580695055,53.11899183619148,0.0
Global_CGNN,4,952,0.3127852334053123,0.06772106987014959,1.6247687536891458,0.1936009777582317,0.4478464345838284,0.9193333499814481,28.239177860768493,0.0
Log_CGNN,0,953,0.20110743841561032,0.0687652021739451,0.6742911291024486,0.5938745274206229,0.77339879582723,0.9585195779739549,14.421632153635755,0.0
Log_CGNN,1,953,0.2722909532759292,0.07824325349304839,1.070256101267084,0.4455386304075968,0.6739933562297176,0.9349233241696289,19.50002299034745,0.0
Log_CGNN,2,953,0.42207231775855875,0.06080075559326881,2.947924184958007,0.09671269449565778,0.32046771545556896,0.9214042823262374,58.67067693136848,0.0
Log_CGNN,3,953,0.311764634963252,0.06129878220850693,2.2977287305607286,0.11597099749618789,0.34782572773338577,0.9596554309609112,53.26442859995491,0.0
Log_CGNN,4,952,0.3214664359188851,0.06416872672707463,1.6419152326159203,0.17649101953171487,0.4314256402614655,0.9205291421587691,28.09949795201605,0.0
Ensemble_GNN,0,953,0.1882930363861613,0.06384880150194983,0.6558640642734737,0.6157684619732169,0.7884072824502656,0.9601827796400388,14.384833676462904,0.0
Ensemble_GNN,1,953,0.2554284283213434,0.06635877225373843,1.055325214505577,0.4609010348452519,0.6878724982265263,0.9379505324104208,19.47705255234391,0.0
Ensemble_GNN,2,953,0.4087551741010462,0.05793889586243672,2.9403530263272923,0.1013465648606684,0.3291994161297267,0.9228573681150464,58.81142257116951,0.0
Ensemble_GNN,3,953,0.2961832092677665,0.05295820093768189,2.2815652884398037,0.1283647090732395,0.36669962511036147,0.9631731292084298,53.13309906351692,0.0
Ensemble_GNN,4,952,0.30288077538961367,0.05938605768161098,1.619642356636709,0.19868157766506778,0.4523063912541781,0.9230013453887661,28.123172916920836,0.0
Grand_MultiParadigm_Ensemble,0,953,0.1753883476936955,0.0614751241408622,0.6475230892785725,0.6254792750117639,0.7988475683244116,0.9634359370191146,14.367369762469558,0.0
Grand_MultiParadigm_Ensemble,1,953,0.24745785864920436,0.06367083427843889,1.0472214862550846,0.46914861203221003,0.6937442367747353,0.9377369503723003,19.9458815589853,0.0
Grand_MultiParadigm_Ensemble,2,953,0.39817189282617016,0.05115642064071979,2.941509524025825,0.10063951029493479,0.3301541641410836,0.9239183530399458,59.05500644110359,0.0
Grand_MultiParadigm_Ensemble,3,953,0.2886405866255562,0.05464876197530155,2.2862175759535526,0.12480642184842272,0.36196012102217734,0.9645030153419942,52.99031086183258,0.0
Grand_MultiParadigm_Ensemble,4,952,0.28732593273587903,0.054685004174542695,1.6161718644817595,0.20211195205971588,0.4556406383084577,0.9256105582868599,28.350560012256622,0.0
