model,5Fold_MAE_Mean,5Fold_MAE_Std,5Fold_MedAE_Mean,5Fold_MedAE_Std,5Fold_RMSE_Mean,5Fold_R2_Mean,5Fold_Spearman_rho_Mean,Pooled_MAE,Pooled_MedAE,Pooled_RMSE,Pooled_R2,Pooled_Spearman_rho,Fold_0_MAE,Fold_1_MAE,Fold_2_MAE,Fold_3_MAE,Fold_4_MAE
Grand_MultiParadigm_Ensemble,0.27939692370610103,0.08076771560882666,0.057127229041973024,0.005231653074072153,1.707728707998959,0.3044371542494095,0.943040962812043,0.279395259346523,0.056603085189949276,1.8978028361144639,0.18446473744506897,0.9430585680738317,0.1753883476936955,0.24745785864920436,0.39817189282617016,0.2886405866255562,0.28732593273587903
Ensemble_InvVal,0.2847455581825197,0.08296692108976259,0.060431842153549,0.003727306058348432,1.7079109813057802,0.3046507637961347,0.9401152074566644,0.28474381789612135,0.06053363707392667,1.8989525206015312,0.18347633946968456,0.9401048816874773,0.17680260764110625,0.2516353520571721,0.40546095249801367,0.2967925961323649,0.2930362825839412
Ensemble_NNLS,0.28991256676646354,0.08534542178788398,0.0648590616721578,0.0048452585561845705,1.711636324760693,0.3011907609636502,0.9389130671467425,0.289910717779923,0.06520474193563397,1.9022437090592723,0.1806435545453544,0.9386832138011956,0.17916824412313392,0.25175376126610444,0.4125152031395058,0.3074044866580783,0.2987211386454952
Ensemble_GNN,0.29030812469318623,0.08038339868872632,0.06009814564748357,0.0052299881502250725,1.710549990036571,0.30101246968348894,0.9414330309525404,0.29030548559774194,0.06035047899074897,1.898386442207976,0.18396307887322993,0.9414125441411653,0.1882930363861613,0.2554284283213434,0.4087551741010462,0.2961832092677665,0.30288077538961367
DualHead_LogDirect_GNN,0.29090253547415845,0.08600209971102009,0.06305110674315709,0.0023392326442555956,1.7065651449485273,0.3061206435152643,0.939543439248491,0.2908989868338538,0.06370624981587025,1.8984826181932437,0.18388039271279955,0.9396383293348551,0.1762509658023646,0.25572901720871255,0.4125152031395058,0.30220923333472965,0.3078082578854795
Hierarchical_Global_GNN,0.2916844352030633,0.08020973897827358,0.0646661281204548,0.004378874981157839,1.7183459765609517,0.29406387651418714,0.9347052365179153,0.29168420348946594,0.06425416652408633,1.9051895127942144,0.17810388819414724,0.934821072683335,0.1874007812033872,0.26445805539702355,0.4098684129678929,0.30390660766595745,0.2927883187810556
Global_CGNN,0.2988540934588707,0.08011048566787835,0.07023769417327577,0.006301286441488016,1.7088611261366917,0.3024252813790179,0.9355854993234336,0.2988511692061532,0.07009527964470552,1.897016582843336,0.18514034444558114,0.9356059511492975,0.19445732458259266,0.26763617413157764,0.41537349414609476,0.3040182410287765,0.3127852334053123
Angle_Aware_CGNN,0.30043090130729116,0.08477144882752188,0.06664260035464034,0.004299928972674279,1.724426637338673,0.2896311903733819,0.9288679841557697,0.3004269679342096,0.06648685474414318,1.9145167844129036,0.17003664487489978,0.928758898427295,0.18958842298026057,0.2572709423742359,0.41854385180649417,0.31758179870757863,0.3191694906678866
Log_CGNN,0.305740356066447,0.08044196174580741,0.06665534403916877,0.007209080611173133,1.7264230757008376,0.285717573870356,0.9390063515179004,0.30573705504212884,0.06596998492707074,1.9113775817034118,0.1727561688810495,0.9388749627069533,0.20110743841561032,0.2722909532759292,0.42207231775855875,0.311764634963252,0.3214664359188851
PE_Attn_CGNN,0.30700285831634827,0.07834821166338794,0.07336414857579801,0.004765777765887059,1.7157088422467937,0.29530983934027094,0.9358526207488825,0.30700028523947703,0.07292510301228616,1.9004878939228296,0.18215542654563233,0.9357413814920393,0.20968362861719125,0.26983993225955033,0.4232602946245782,0.3129694395493163,0.3192609965311054
CGCNN_Baseline,0.32903847604153336,0.08253959576651158,0.0832388913414663,0.007963754576657987,1.7349486912407985,0.276251559450699,0.917416722146941,0.3290367898257495,0.08296150535056768,1.9155190579940606,0.16916742493073866,0.917309062223449,0.22392295850653404,0.30374174260059633,0.45350949860317297,0.3269465724616334,0.33707160803573005
MultiHead_GraphTransformer,0.3600397362380723,0.08597567726769913,0.11220729878118774,0.007263834146225745,1.7309313732729592,0.27999346436375366,0.9079244267579977,0.36003581280207386,0.11330789432860033,1.9127274690383091,0.1715872943434561,0.9075557910363738,0.24020637825446572,0.3279517078684792,0.47641972999836374,0.37688987973427307,0.37873098533477983
