fold,source,official_n_test,saved_n_test,mismatched_test_ids,train_test_overlap,formula_mismatches,hash_mismatches,status
0,Advanced_Manifest,953,953,0,0,0,0,PASS
0,Classical_Manifest,953,953,0,0,0,0,PASS
0,Frontier_Pred_Angle_Aware_CGNN,953,953,0,0,0,0,PASS
0,Frontier_Pred_MultiHead_GraphTransformer,953,953,0,0,0,0,PASS
0,Frontier_Pred_Hierarchical_Global_GNN,953,953,0,0,0,0,PASS
0,Frontier_Pred_DualHead_LogDirect_GNN,953,953,0,0,0,0,PASS
0,Frontier_Pred_Ensemble_NNLS,953,953,0,0,0,0,PASS
0,Frontier_Pred_Ensemble_InvVal,953,953,0,0,0,0,PASS
0,Advanced_Pred_CGCNN_Baseline,953,953,0,0,0,0,PASS
0,Advanced_Pred_PE_Attn_CGNN,953,953,0,0,0,0,PASS
0,Advanced_Pred_Global_CGNN,953,953,0,0,0,0,PASS
0,Advanced_Pred_Log_CGNN,953,953,0,0,0,0,PASS
0,Advanced_Pred_Ensemble_GNN,953,953,0,0,0,0,PASS
1,Advanced_Manifest,953,953,0,0,0,0,PASS
1,Classical_Manifest,953,953,0,0,0,0,PASS
1,Frontier_Pred_Angle_Aware_CGNN,953,953,0,0,0,0,PASS
1,Frontier_Pred_MultiHead_GraphTransformer,953,953,0,0,0,0,PASS
1,Frontier_Pred_Hierarchical_Global_GNN,953,953,0,0,0,0,PASS
1,Frontier_Pred_DualHead_LogDirect_GNN,953,953,0,0,0,0,PASS
1,Frontier_Pred_Ensemble_NNLS,953,953,0,0,0,0,PASS
1,Frontier_Pred_Ensemble_InvVal,953,953,0,0,0,0,PASS
1,Advanced_Pred_CGCNN_Baseline,953,953,0,0,0,0,PASS
1,Advanced_Pred_PE_Attn_CGNN,953,953,0,0,0,0,PASS
1,Advanced_Pred_Global_CGNN,953,953,0,0,0,0,PASS
1,Advanced_Pred_Log_CGNN,953,953,0,0,0,0,PASS
1,Advanced_Pred_Ensemble_GNN,953,953,0,0,0,0,PASS
2,Advanced_Manifest,953,953,0,0,0,0,PASS
2,Classical_Manifest,953,953,0,0,0,0,PASS
2,Frontier_Pred_Angle_Aware_CGNN,953,953,0,0,0,0,PASS
2,Frontier_Pred_MultiHead_GraphTransformer,953,953,0,0,0,0,PASS
2,Frontier_Pred_Hierarchical_Global_GNN,953,953,0,0,0,0,PASS
2,Frontier_Pred_DualHead_LogDirect_GNN,953,953,0,0,0,0,PASS
2,Frontier_Pred_Ensemble_NNLS,953,953,0,0,0,0,PASS
2,Frontier_Pred_Ensemble_InvVal,953,953,0,0,0,0,PASS
2,Advanced_Pred_CGCNN_Baseline,953,953,0,0,0,0,PASS
2,Advanced_Pred_PE_Attn_CGNN,953,953,0,0,0,0,PASS
2,Advanced_Pred_Global_CGNN,953,953,0,0,0,0,PASS
2,Advanced_Pred_Log_CGNN,953,953,0,0,0,0,PASS
2,Advanced_Pred_Ensemble_GNN,953,953,0,0,0,0,PASS
3,Advanced_Manifest,953,953,0,0,0,0,PASS
3,Classical_Manifest,953,953,0,0,0,0,PASS
3,Frontier_Pred_Angle_Aware_CGNN,953,953,0,0,0,0,PASS
3,Frontier_Pred_MultiHead_GraphTransformer,953,953,0,0,0,0,PASS
3,Frontier_Pred_Hierarchical_Global_GNN,953,953,0,0,0,0,PASS
3,Frontier_Pred_DualHead_LogDirect_GNN,953,953,0,0,0,0,PASS
3,Frontier_Pred_Ensemble_NNLS,953,953,0,0,0,0,PASS
3,Frontier_Pred_Ensemble_InvVal,953,953,0,0,0,0,PASS
3,Advanced_Pred_CGCNN_Baseline,953,953,0,0,0,0,PASS
3,Advanced_Pred_PE_Attn_CGNN,953,953,0,0,0,0,PASS
3,Advanced_Pred_Global_CGNN,953,953,0,0,0,0,PASS
3,Advanced_Pred_Log_CGNN,953,953,0,0,0,0,PASS
3,Advanced_Pred_Ensemble_GNN,953,953,0,0,0,0,PASS
4,Advanced_Manifest,952,952,0,0,0,0,PASS
4,Classical_Manifest,952,952,0,0,0,0,PASS
4,Frontier_Pred_Angle_Aware_CGNN,952,952,0,0,0,0,PASS
4,Frontier_Pred_MultiHead_GraphTransformer,952,952,0,0,0,0,PASS
4,Frontier_Pred_Hierarchical_Global_GNN,952,952,0,0,0,0,PASS
4,Frontier_Pred_DualHead_LogDirect_GNN,952,952,0,0,0,0,PASS
4,Frontier_Pred_Ensemble_NNLS,952,952,0,0,0,0,PASS
4,Frontier_Pred_Ensemble_InvVal,952,952,0,0,0,0,PASS
4,Advanced_Pred_CGCNN_Baseline,952,952,0,0,0,0,PASS
4,Advanced_Pred_PE_Attn_CGNN,952,952,0,0,0,0,PASS
4,Advanced_Pred_Global_CGNN,952,952,0,0,0,0,PASS
4,Advanced_Pred_Log_CGNN,952,952,0,0,0,0,PASS
4,Advanced_Pred_Ensemble_GNN,952,952,0,0,0,0,PASS
