Choice_ID,Modeling_Choice,Decision_Taken,Prespecified_Before_Advanced_Run,Informed_By_Prior_Fold0_Ablation,Decision_Date,Empirical_Rationale
D01,Interaction cutoff radius (6.0 A vs 8.0 A),"R_cut = 6.0 A for advanced variations, 8.0 A for baseline CGCNN",YES,YES (Audit Part H showed 6 A reduced Fold 0 test MAE from 0.2740 to 0.2628),2026-09-23T11:45:00,Elimination of noisy long-range periodic bonds and reduction of graph oversmoothing
D02,Max neighbor degree (k = 12),Top 12 nearest periodic neighbors preserved,YES,NO (Preserved standard CGCNN literature convention from Xie & Grossman 2018),2026-09-22T20:00:00,Standard periodic graph representation benchmark convention
D03,Elemental Physical Priors (8 features),Concat Embedding(Z) with 8 standardized elemental properties,YES,NO (Designed a priori based on Clausius-Mossotti polarizability physics),2026-09-23T11:30:00,"Enrich atom embeddings with electronegativity, radius, valence, and ionization energy"
D04,"Macroscopic state conditioning (density, VPA, packing, elements)",Dual-path MEGNet-style message passing with u in R^4,YES,YES (Audit Part G proved macroscopic density + VPA explain 57.8% of target variance),2026-09-23T11:50:00,Supply unit cell density and packing fraction directly to overcome GNN pooling loss
D05,Log-space target transformation z = log(n - 0.99),"Train in z-space with Smooth L1, evaluate via n = 0.99 + exp(z)",YES,YES (Audit Part E identified Penn gap divergence tail shock on n > 7),2026-09-23T11:55:00,"Compress right-skewed target distribution [1.0, 62.06] to [-4.6, 4.1] to eliminate gradient shock"
D06,Loss function in raw space,Smooth L1 / Huber Loss with beta = 0.20,YES,YES (Part E demonstrated heavy-tailed heteroskedastic residual distributions),2026-09-23T12:00:00,Robust regression less vulnerable to extreme semiconductor outliers than pure L1/L2
D07,Physical bounded readout (n >= 1.0),1.0 + Softplus(y_raw) for PE_Attn and Global; 0.99 + exp(z) for Log,YES,YES (Part H ablation demonstrated 0.0% unphysical rate and improved Test MAE to 0.2512),2026-09-23T11:40:00,Eliminate unphysical speed-of-light violations (n < 1.0) by construction
D08,Multi-architecture ensemble composition,"Ensemble of PE_Attn_CGNN, Global_CGNN, and Log_CGNN",YES (Declared in implementation_plan.md before run execution),"NO (Prespecified multi-paradigm blend covering attention, macroscopic, and log-space)",2026-09-23T12:05:00,Combine orthogonal architectural inductive biases to cancel uncorrelated errors
D09,Ensemble weighting rule,Weights proportional to inverse inner-validation MAE,YES (Frozen in script code prior to launching fold loops),NO (Standard Bayesian model averaging / meta-learning principle),2026-09-23T12:08:00,Reward models with superior held-out validation fit without outer-test data snooping
D10,"Training budget (25 epochs, CosineAnnealingLR, batch size 64)",Frozen at 25 epochs with lr decay to 1e-5,YES,NO (Prespecified fixed training budget matching audit Part D),2026-09-23T12:10:00,"Ensure fair, fixed computational budget across all folds and variations"
