model,fold,n_test_samples,MAE,MedAE,RMSE,R2,Pearson_r,Spearman_rho,Mean_Bias,P90_AE,P95_AE,Max_AE,Fraction_n_less_1
CGCNN_Baseline,0,953,0.22392295850653404,0.0847335717961697,0.7007718920570798,0.5613494428847884,0.754412011132329,0.9360389489064315,-0.08600934139382449,0.4297354041574306,0.764238008213162,14.44611154282643,0.0
CGCNN_Baseline,1,953,0.30374174260059633,0.09270544122227875,1.1013085040693877,0.4128976019405969,0.6547760886588944,0.9117315452493739,-0.1307700622893572,0.4962275771307012,0.9709902987515278,19.49395690643937,0.0
CGCNN_Baseline,2,953,0.45350949860317297,0.07817044927152228,2.9634563549990163,0.0871690480813645,0.30949743261044543,0.8968123714928962,-0.26063211280063653,0.4856479499361945,1.095535595897812,59.122193559633864,0.0
CGCNN_Baseline,3,953,0.3269465724616334,0.07258586598182215,2.284755858050037,0.12592519302136462,0.36854721585245886,0.9440638381946291,-0.19282105252299914,0.401609818290158,0.7860599102359218,53.30571602213509,0.0
CGCNN_Baseline,4,952,0.33707160803573005,0.08799912843553859,1.6244508470284724,0.19391651132538046,0.44744806161331535,0.8984369068913749,-0.12764448277392984,0.4575487848148545,0.8859652845151407,28.46731702283209,0.0
PE_Attn_CGNN,0,953,0.20968362861719125,0.07943447215409116,0.6694972863422203,0.5996286619996432,0.7766774672092106,0.9530907398852329,-0.05121439748824728,0.40638681096298124,0.7401122044581072,14.282719237452284,0.0
PE_Attn_CGNN,1,953,0.26983993225955033,0.07738564366869594,1.0731153125998696,0.4425721631475965,0.6776468221534585,0.9367535371457552,-0.12141203261359833,0.4052558423072893,0.912881670514679,19.409241301657264,0.0
PE_Attn_CGNN,2,953,0.4232602946245782,0.0699922947330518,2.9397011186414868,0.10174500282550192,0.33062416135468314,0.918056638533755,-0.2341380961232764,0.43599182661289493,0.8822369924764407,58.680503353106154,0.0
PE_Attn_CGNN,3,953,0.3129694395493163,0.06861115902891268,2.2844598075712406,0.1261516973097212,0.3632900444919331,0.956346715064916,-0.16882251357807027,0.35636704317466145,0.6842162746052394,53.015122636438676,0.0
PE_Attn_CGNN,4,952,0.3192609965311054,0.07139717329423845,1.6117706860791505,0.20645167141889198,0.4601736187990931,0.9150154731147532,-0.1256366489745356,0.4423438685980729,0.7737367255433036,28.02599827245062,0.0
Global_CGNN,0,953,0.19445732458259266,0.06987335795836214,0.6585874689921944,0.612570876956092,0.7859550503897152,0.95189920028639,-0.07024314468258348,0.3966691306696442,0.6912794775596772,14.446441037302748,0.0
Global_CGNN,1,953,0.26763617413157764,0.08086086123826886,1.0444609463267662,0.47194363673636275,0.6917282993836835,0.9302631249255934,-0.08062882032111623,0.4665135298333834,0.7687490381478241,19.521360737921302,0.0
Global_CGNN,2,953,0.41537349414609476,0.06855018254105705,2.94138679225746,0.10071455870096135,0.32743580254055593,0.9168521633542313,-0.2293605008944628,0.3705681643478797,0.7736143701146401,59.07759688757576,0.0
Global_CGNN,3,953,0.3040182410287765,0.0641829992585412,2.2751016694178916,0.13329635674344176,0.3731504395420512,0.9595796580695055,-0.17114104344562078,0.3238344306384045,0.6608674714291557,53.11899183619148,0.0
Global_CGNN,4,952,0.3127852334053123,0.06772106987014959,1.6247687536891458,0.1936009777582317,0.4478464345838284,0.9193333499814481,-0.12137863377366423,0.37130948112218726,0.719391514714016,28.239177860768493,0.0
Log_CGNN,0,953,0.20110743841561032,0.0687652021739451,0.6742911291024486,0.5938745274206229,0.77339879582723,0.9585195779739549,-0.06062209128011208,0.40583979320878594,0.7217028400075167,14.421632153635755,0.0
Log_CGNN,1,953,0.2722909532759292,0.07824325349304839,1.070256101267084,0.4455386304075968,0.6739933562297176,0.9349233241696289,-0.09058747868460262,0.40240979705673563,0.788436772643692,19.50002299034745,0.0
Log_CGNN,2,953,0.42207231775855875,0.06080075559326881,2.947924184958007,0.09671269449565778,0.32046771545556896,0.9214042823262374,-0.22924846692838233,0.4183236161204948,0.8746351364048143,58.67067693136848,0.0
Log_CGNN,3,953,0.311764634963252,0.06129878220850693,2.2977287305607286,0.11597099749618789,0.34782572773338577,0.9596554309609112,-0.1710155550913191,0.354863238463573,0.7400165729118257,53.26442859995491,0.0
Log_CGNN,4,952,0.3214664359188851,0.06416872672707463,1.6419152326159203,0.17649101953171487,0.4314256402614655,0.9205291421587691,-0.12428317838159605,0.4267000416568502,0.8282222053508727,28.09949795201605,0.0
Ensemble_GNN,0,953,0.1882930363861613,0.06384880150194983,0.6558640642734737,0.6157684619732169,0.7884072824502656,0.9601827796400388,-0.0608348881177977,0.3794403285013761,0.6858753971450066,14.384833676462904,0.0
Ensemble_GNN,1,953,0.2554284283213434,0.06635877225373843,1.055325214505577,0.4609010348452519,0.6878724982265263,0.9379505324104208,-0.09749532377844881,0.3757636148600051,0.7816312917867262,19.47705255234391,0.0
Ensemble_GNN,2,953,0.4087551741010462,0.05793889586243672,2.9403530263272923,0.1013465648606684,0.3291994161297267,0.9228573681150464,-0.23093336890038949,0.3710716323797113,0.8701305215458441,58.81142257116951,0.0
Ensemble_GNN,3,953,0.2961832092677665,0.05295820093768189,2.2815652884398037,0.1283647090732395,0.36669962511036147,0.9631731292084298,-0.17032514729830006,0.32611087344419476,0.6699491075968083,53.13309906351692,0.0
Ensemble_GNN,4,952,0.30288077538961367,0.05938605768161098,1.619642356636709,0.19868157766506778,0.4523063912541781,0.9230013453887661,-0.12373339778539189,0.3733387940482523,0.7309763165218118,28.123172916920836,0.0
