model,fold,n_samples,MAE,MedAE,RMSE,R2,Pearson_r,Spearman_rho,Mean_Bias,P90_AE,P95_AE,Max_AE,Fraction_n_less_1
Angle_Aware_CGNN,0,953,0.18958842298026057,0.07004591462873866,0.6567420889864873,0.6147390089983451,0.7907290011162926,0.9538621100289465,-0.07117612536710204,0.35233041635763257,0.6408029966975262,14.283020598536268,0.0
Angle_Aware_CGNN,1,953,0.2572709423742359,0.06619989733877918,1.0479504252700604,0.4684093358277588,0.6894492387320413,0.9339830640812631,-0.09402926652641551,0.4003838583137917,0.8113953334548953,19.760567052008216,0.0
Angle_Aware_CGNN,2,953,0.41854385180649417,0.06389215695923744,2.9418074386494912,0.10045732750226677,0.3268534456201555,0.9154682265721316,-0.23720837540678996,0.4205793646976412,0.8950250312328653,59.10443828962959,0.0
Angle_Aware_CGNN,3,953,0.31758179870757863,0.061312959095801034,2.3337098366029285,0.08806744996943117,0.3073117895110412,0.9295998351959123,-0.18556335768519477,0.4058906958014952,0.772747549741888,53.51736973154671,0.0
Angle_Aware_CGNN,4,952,0.3191694906678866,0.07176207375064536,1.6419233971843976,0.17648282956910777,0.43030315194979996,0.9114266849005944,-0.13067153370985138,0.38396886138891645,0.8085249280125623,28.62357298329657,0.0
MultiHead_GraphTransformer,0,953,0.24020637825446572,0.11093219505914553,0.6782897988046834,0.5890434485382015,0.7695297826344341,0.9385544753102301,-0.05889673733064432,0.5055943374936169,0.8235662603144367,14.524237019663587,0.0
MultiHead_GraphTransformer,1,953,0.3279517078684792,0.11738551901277638,1.0825403801416744,0.43273749442996445,0.6643227160851305,0.9027808457714255,-0.10963409251193475,0.5485859664160395,1.1104613788127071,19.434356314779823,0.0
MultiHead_GraphTransformer,2,953,0.47641972999836374,0.1020745358352464,2.9436432596376707,0.0993342665090895,0.3280562406526698,0.8924267654308128,-0.24570189943981505,0.5985558648433159,1.063252445161126,58.883694156633986,0.0
MultiHead_GraphTransformer,3,953,0.37688987973427307,0.12082376536599915,2.285510605590065,0.12534761290764018,0.36404398370453395,0.9178055900582324,-0.17463078231726423,0.5726359908300138,0.7871855649503919,53.15166734087593,0.0
MultiHead_GraphTransformer,4,952,0.37873098533477983,0.10982047863277122,1.664672822190703,0.1535044994338729,0.41172029408483835,0.888054457219288,-0.09164305681745222,0.5402865593776821,1.1046281357548735,28.379778303654845,0.0
Hierarchical_Global_GNN,0,953,0.1874007812033872,0.07200379965608894,0.6637683211641325,0.6064513921751338,0.7903089666804018,0.9583998999374043,-0.09859422543795533,0.35374937564665787,0.6083289708294128,14.301036460047499,0.0
Hierarchical_Global_GNN,1,953,0.26445805539702355,0.06465155972129066,1.0736299763548232,0.4420373525905833,0.6739061374955778,0.9267261620080348,-0.1250153756865916,0.4481653281988926,0.8375780405183737,20.848508937002723,0.0
Hierarchical_Global_GNN,2,953,0.4098684129678929,0.06314106417264131,2.943954045964911,0.09914407405218073,0.3303583781372688,0.9206435115400408,-0.2666397246147371,0.38509716445911496,0.7671927680973032,59.2146494235865,0.0
Hierarchical_Global_GNN,3,953,0.30390660766595745,0.06040290558341388,2.3030222520233403,0.1118930426775484,0.3422611519039507,0.9468776169063832,-0.17706414975824744,0.3514168288387232,0.7261807876515641,52.67221473086006,0.0
Hierarchical_Global_GNN,4,952,0.2927883187810556,0.06313131146883921,1.6073552872975507,0.21079352107548976,0.46567436017476377,0.920878992197713,-0.14082885301216988,0.33587688902405977,0.7074048127927574,28.438489117177184,0.0
DualHead_LogDirect_GNN,0,953,0.1762509658023646,0.06444279597821145,0.6399009965377535,0.6342444622130095,0.8031003197423711,0.960800878155617,-0.07653759155972578,0.34064922467332964,0.5515895384582763,14.252132279520765,0.0
DualHead_LogDirect_GNN,1,953,0.25572901720871255,0.06588634248123926,1.0416922903853183,0.474739468692038,0.6917161659778428,0.9355020337484783,-0.07702781502610027,0.3876477965610134,0.7458658414000735,19.3369341918245,0.0
DualHead_LogDirect_GNN,2,953,0.4125152031395058,0.06232176343749707,2.9480654048204236,0.09662614873910247,0.32435300478837326,0.9196521955391943,-0.2661892021879438,0.36666510627593857,0.7334045386274859,59.19967149161018,0.0
DualHead_LogDirect_GNN,3,953,0.30220923333472965,0.059679941658437485,2.281066487326988,0.12874578528419134,0.3657362059151726,0.9592258614005014,-0.17174945726299543,0.3579504449171573,0.6352499104757013,52.89182613718636,0.0
DualHead_LogDirect_GNN,4,952,0.3078082578854795,0.06292469016040014,1.6221005456721527,0.1962473526479802,0.4516038037214257,0.9225362273986644,-0.11568205533712528,0.3700843601738208,0.7506754013150779,28.400631346257384,0.0
Ensemble_NNLS,0,953,0.17916824412313392,0.06393860580947885,0.6477403584534925,0.6252279003134431,0.8006780597780191,0.9616829629611555,-0.08585348704679598,0.3557109957076473,0.5736111254932891,14.334569837315874,0.0
Ensemble_NNLS,1,953,0.25175376126610444,0.06221106350521377,1.0471215002958385,0.4692499757877875,0.6933756999729639,0.9357117476016829,-0.10462358130833671,0.4031325841845041,0.7251713631465387,20.005325154749457,0.0
Ensemble_NNLS,2,953,0.4125152031395058,0.06232176343749707,2.9480654048204236,0.09662614873910247,0.32435300478837326,0.9196521955391943,-0.2661892021879438,0.36666510627593857,0.7334045386274859,59.19967149161018,0.0
Ensemble_NNLS,3,953,0.3074044866580783,0.07343321487259757,2.2892173295575904,0.12250822635468717,0.3589523822487137,0.9562134881341192,-0.17616667104367714,0.3520309587338112,0.6545735119992435,52.84904725721313,0.0
Ensemble_NNLS,4,952,0.2987211386454952,0.062390660736001746,1.6260370306761196,0.1923415536232307,0.4462652263520432,0.9213049414975607,-0.12231324517013592,0.35950786558421016,0.6834472959725083,28.511390370299594,0.0
Ensemble_InvVal,0,953,0.17680260764110625,0.06446157164747524,0.6430568557247913,0.6306279049704953,0.8027330245181468,0.9620745300310435,-0.07703201552806993,0.34112304378358027,0.564873095457644,14.333169324045912,0.0
Ensemble_InvVal,1,953,0.2516353520571721,0.06414008540809935,1.0441680728091367,0.47223973596767155,0.6949324343197327,0.9358631752563634,-0.10050038632403305,0.4025697010987106,0.7227110014924034,19.854189974905555,0.0
Ensemble_InvVal,2,953,0.40546095249801367,0.05604729631042149,2.9405778704458907,0.10120912240853686,0.3318302996711997,0.9209906254154036,-0.2545286374541163,0.38875454764170825,0.7745670500986196,59.11243747137703,0.0
Ensemble_InvVal,3,953,0.2967925961323649,0.05814912716373932,2.293040254155591,0.11957500907472962,0.35423552836937744,0.9602248444179459,-0.17732047237179047,0.34532763665079763,0.6639443238147915,53.046871884943315,0.0
Ensemble_InvVal,4,952,0.2930362825839412,0.059361130238009596,1.6187118533934908,0.19960204655924008,0.45284419397985615,0.9214228621625652,-0.12127114355868328,0.3451134138234836,0.6517209305539196,28.46424476102179,0.0
