ensemble,fold,base_model,inner_val_mae,computed_weight_w_val,outer_test_mae,test_oracle_weight_w_test,weight_delta,provenance
Ensemble_InvVal,0,Angle_Aware_CGNN,0.414516010551653,0.25640764763631574,0.1895884229802605,0.2579566895386276,0.0015490419023118651,STRICT_INNER_VAL_ONLY
Ensemble_InvVal,0,MultiHead_GraphTransformer,0.479577898979187,0.22162212937538267,0.2402063782544657,0.2035982654674902,0.018023863907892457,STRICT_INNER_VAL_ONLY
Ensemble_InvVal,0,Hierarchical_Global_GNN,0.4056770964387002,0.2619942710746545,0.1874007812033872,0.2609679727736008,0.0010262983010537186,STRICT_INNER_VAL_ONLY
Ensemble_InvVal,0,DualHead_LogDirect_GNN,0.4088265641140645,0.2599759519136471,0.1762509658023646,0.2774770722202814,0.01750112030663431,STRICT_INNER_VAL_ONLY
Ensemble_InvVal,1,Angle_Aware_CGNN,0.2114155741372584,0.26156034290510094,0.2572709423742359,0.2657220497612244,0.004161706856123437,STRICT_INNER_VAL_ONLY
Ensemble_InvVal,1,MultiHead_GraphTransformer,0.2665733833864148,0.20743980274528115,0.3279517078684792,0.20845313657918113,0.001013333833899982,STRICT_INNER_VAL_ONLY
Ensemble_InvVal,1,Hierarchical_Global_GNN,0.2164112158289306,0.2555224776821741,0.2644580553970235,0.25850058546733623,0.0029781077851621096,STRICT_INNER_VAL_ONLY
Ensemble_InvVal,1,DualHead_LogDirect_GNN,0.2007349232658613,0.27547737666744376,0.2557290172087126,0.2673242281922582,0.008153148475185557,STRICT_INNER_VAL_ONLY
Ensemble_InvVal,2,Angle_Aware_CGNN,0.312664413201621,0.25723720985038917,0.4185438518064941,0.255473526169331,0.0017636836810581702,STRICT_INNER_VAL_ONLY
Ensemble_InvVal,2,MultiHead_GraphTransformer,0.3809841105065287,0.2111083351076289,0.4764197299983637,0.22443838267963048,0.013330047572001569,STRICT_INNER_VAL_ONLY
Ensemble_InvVal,2,Hierarchical_Global_GNN,0.3035131958027854,0.2649931613640769,0.4098684129678929,0.26088098105250945,0.004112180311567459,STRICT_INNER_VAL_ONLY
Ensemble_InvVal,2,DualHead_LogDirect_GNN,0.3016145319111919,0.2666612936779049,0.4125152031395058,0.2592071100985291,0.007454183579375828,STRICT_INNER_VAL_ONLY
Ensemble_InvVal,3,Angle_Aware_CGNN,0.286437165507502,0.25311758395891815,0.3175817987075786,0.25390354692701644,0.0007859629680982971,STRICT_INNER_VAL_ONLY
Ensemble_InvVal,3,MultiHead_GraphTransformer,0.3332734320919484,0.2175459436841538,0.376889879734273,0.21394882024470369,0.003597123439450123,STRICT_INNER_VAL_ONLY
Ensemble_InvVal,3,Hierarchical_Global_GNN,0.266180924275293,0.27237971123098004,0.3039066076659575,0.2653286999930815,0.00705101123789853,STRICT_INNER_VAL_ONLY
Ensemble_InvVal,3,DualHead_LogDirect_GNN,0.2821575232019775,0.256956761125948,0.3022092333347296,0.2668189328351982,0.00986217170925019,STRICT_INNER_VAL_ONLY
Ensemble_InvVal,4,Angle_Aware_CGNN,0.2676434122326077,0.2596112807395864,0.3191694906678866,0.2519051995962926,0.007706081143293797,STRICT_INNER_VAL_ONLY
Ensemble_InvVal,4,MultiHead_GraphTransformer,0.3351637158418912,0.2073113697784581,0.3787309853347798,0.21228908477258845,0.0049777149941303556,STRICT_INNER_VAL_ONLY
Ensemble_InvVal,4,Hierarchical_Global_GNN,0.2615228935214976,0.26568706125725366,0.2927883187810556,0.2746026705794357,0.00891560932218205,STRICT_INNER_VAL_ONLY
Ensemble_InvVal,4,DualHead_LogDirect_GNN,0.2598570407793943,0.2673902882247019,0.3078082578854794,0.2612030450516833,0.006187243173018608,STRICT_INNER_VAL_ONLY
