fold,model,val_mae,best_epoch,fit_time_s,MAE,MedAE,RMSE,R2,Pearson_r,Spearman_rho,Mean_Signed_Error,P90_AE,P95_AE,Max_AE,Fraction_n_less_1
0,CGCNN_Baseline,0.4766779035695171,24,120.86,0.22392295850653407,0.08473357179616992,0.7007718920570798,0.5613494428847884,0.754412011132329,0.9360389489064315,-0.0860093413938245,0.4297354041574306,0.7642380082131615,14.44611154282643,0.0
0,PE_Attn_CGNN,0.45849044811495965,19,67.19,0.2096836286171912,0.07943447215409116,0.6694972863422203,0.5996286619996432,0.7766774672092106,0.9530907398852329,-0.051214397488247285,0.40638681096298124,0.7401122044581072,14.282719237452284,0.0
0,Global_CGNN,0.4384519813774764,24,65.15,0.19445732458259266,0.06987335795836214,0.6585874689921943,0.6125708769560921,0.7859550503897151,0.95189920028639,-0.07024314468258348,0.39666913066964493,0.6912794775596774,14.446441037302748,0.0
0,Log_CGNN,0.4476298692973817,18,67.47,0.20110743841561032,0.0687652021739451,0.6742911291024486,0.5938745274206229,0.7733987958272299,0.9585195779739549,-0.06062209128011209,0.4058397932087854,0.7217028400075167,14.421632153635755,0.0
0,Ensemble_GNN,0.44804135151172453,25,199.81,0.1882930363861613,0.06384880150194938,0.6558640642734737,0.6157684619732169,0.7884072824502656,0.9601827796400388,-0.060834888117797706,0.37944032850137543,0.6858753971450066,14.384833676462904,0.0
1,CGCNN_Baseline,0.32390824863246775,25,123.63,0.3037417426005965,0.09270544122227875,1.1013085040693877,0.412897601940597,0.6547760886588944,0.9117315452493739,-0.1307700622893572,0.49622757713070087,0.9709902987515278,19.49395690643937,0.0
1,PE_Attn_CGNN,0.31262756416968834,19,68.05,0.26983993225955033,0.07738564366869571,1.0731153125998696,0.4425721631475965,0.6776468221534584,0.9367535371457552,-0.12141203261359829,0.4052558423072892,0.9128816705146787,19.409241301657264,0.0
1,Global_CGNN,0.31422487866857635,18,65.97,0.26763617413157764,0.08086086123826886,1.0444609463267662,0.47194363673636275,0.6917282993836836,0.9302631249255934,-0.08062882032111622,0.4665135298333834,0.768749038147824,19.521360737921302,0.0
1,Log_CGNN,0.3026346920250594,16,67.98,0.2722909532759293,0.07824325349304839,1.0702561012670841,0.4455386304075968,0.6739933562297176,0.9349233241696289,-0.09058747868460262,0.40240979705673563,0.788436772643692,19.50002299034745,0.0
1,Ensemble_GNN,0.3097432108792141,25,202.01,0.2554284283213434,0.06635877225373843,1.055325214505577,0.4609010348452519,0.6878724982265263,0.9379505324104208,-0.0974953237784488,0.3757636148600047,0.7816312917867264,19.47705255234391,0.0
2,CGCNN_Baseline,0.4035574467086124,23,122.64,0.45350949860317297,0.07817044927152228,2.9634563549990163,0.0871690480813645,0.3094974326104455,0.8968123714928962,-0.2606321128006365,0.4856479499361945,1.095535595897812,59.122193559633864,0.0
2,PE_Attn_CGNN,0.3663685670458498,22,67.53,0.42326029462457826,0.06999229473305202,2.9397011186414868,0.10174500282550192,0.3306241613546832,0.918056638533755,-0.23413809612327638,0.43599182661289526,0.882236992476441,58.680503353106154,0.0
2,Global_CGNN,0.3653949532533903,21,65.68,0.41537349414609476,0.06855018254105705,2.94138679225746,0.10071455870096135,0.32743580254055593,0.9168521633542313,-0.22936050089446275,0.3705681643478797,0.7736143701146401,59.07759688757576,0.0
2,Log_CGNN,0.3792507761205349,22,68.18,0.42207231775855886,0.06080075559326881,2.947924184958007,0.09671269449565778,0.32046771545556896,0.9214042823262374,-0.22924846692838227,0.4183236161204951,0.8746351364048137,58.67067693136848,0.0
2,Ensemble_GNN,0.3702316841651006,25,201.39,0.4087551741010462,0.05793889586243672,2.9403530263272923,0.1013465648606684,0.3291994161297267,0.9228573681150464,-0.23093336890038943,0.3710716323797117,0.8701305215458438,58.81142257116951,0.0
3,CGCNN_Baseline,0.2852192826947481,23,120.63,0.3269465724616334,0.07258586598182193,2.284755858050037,0.12592519302136496,0.36854721585245886,0.9440638381946291,-0.19282105252299914,0.40160981829015724,0.7860599102359218,53.30571602213509,0.0
3,PE_Attn_CGNN,0.2498158955532281,21,67.39,0.31296943954931633,0.06861115902891268,2.2844598075712406,0.12615169730972153,0.3632900444919331,0.956346715064916,-0.16882251357807024,0.35636704317466145,0.6842162746052394,53.015122636438676,0.0
3,Global_CGNN,0.25197497808787117,25,65.94,0.3040182410287765,0.06418299925854143,2.2751016694178916,0.1332963567434421,0.3731504395420512,0.9595796580695055,-0.17114104344562076,0.3238344306384044,0.6608674714291557,53.11899183619148,0.0
3,Log_CGNN,0.24861765930823812,24,67.13,0.311764634963252,0.06129878220850715,2.2977287305607286,0.11597099749618811,0.34782572773338577,0.9596554309609112,-0.17101555509131908,0.354863238463573,0.7400165729118257,53.26442859995491,0.0
3,Ensemble_GNN,0.2501284764728333,25,200.46,0.2961832092677665,0.05295820093768189,2.2815652884398037,0.1283647090732397,0.36669962511036147,0.9631731292084298,-0.17032514729830006,0.3261108734441947,0.6699491075968086,53.13309906351692,0.0
4,CGCNN_Baseline,0.3257690064752582,21,122.77,0.33707160803573,0.08799912843553859,1.6244508470284726,0.19391651132538035,0.44744806161331535,0.8984369068913749,-0.12764448277392987,0.4575487848148545,0.8859652845151407,28.467317022832095,0.0
4,PE_Attn_CGNN,0.3017183901340865,25,68.42,0.3192609965311054,0.07139717329423834,1.6117706860791505,0.20645167141889176,0.46017361879909296,0.9150154731147532,-0.1256366489745356,0.44234386859807334,0.7737367255433034,28.025998272450625,0.0
4,Global_CGNN,0.28956283078302225,25,68.76,0.3127852334053123,0.06772106987014959,1.624768753689146,0.19360097775823137,0.44784643458382833,0.9193333499814481,-0.12137863377366424,0.37130948112218726,0.719391514714016,28.239177860768496,0.0
4,Log_CGNN,0.3013964319396144,25,94.24,0.32146643591888513,0.06416872672707452,1.6419152326159203,0.17649101953171475,0.4314256402614654,0.9205291421587691,-0.12428317838159607,0.4267000416568502,0.8282222053508727,28.099497952016055,0.0
4,Ensemble_GNN,0.2974502540247826,25,231.42,0.30288077538961367,0.05938605768161087,1.619642356636709,0.19868157766506755,0.45230639125417804,0.9230013453887661,-0.1237333977853919,0.37333879404825193,0.7309763165218118,28.12317291692084,0.0
