mpid,formula,predicted_refractive_index_n,density_g_cm3,volume_per_atom_A3,screening_status,validation_requirement
mp-569197,GdNiSb,7.152,8.568,21.82,HIGH_INDEX_CANDIDATE,Requires DFPT & Experimental Synthesis
mp-4720,Si2Ni6B,7.07,7.53,10.27,HIGH_INDEX_CANDIDATE,Requires DFPT & Experimental Synthesis
mp-11839,GdSbPt,6.627,10.624,24.7,HIGH_INDEX_CANDIDATE,Requires DFPT & Experimental Synthesis
mp-567422,GdNiBi,6.592,10.132,23.21,HIGH_INDEX_CANDIDATE,Requires DFPT & Experimental Synthesis
mp-22205,InN,6.509,6.642,16.1,HIGH_INDEX_CANDIDATE,Requires DFPT & Experimental Synthesis
mp-22177,DyInAu,6.284,11.273,23.29,HIGH_INDEX_CANDIDATE,Requires DFPT & Experimental Synthesis
mp-35841,Li2CuGe,6.233,4.714,13.22,HIGH_INDEX_CANDIDATE,Requires DFPT & Experimental Synthesis
mp-22229,TbInCu4,6.22,9.258,15.78,HIGH_INDEX_CANDIDATE,Requires DFPT & Experimental Synthesis
mp-30578,DyCu5,6.189,9.22,14.42,HIGH_INDEX_CANDIDATE,Requires DFPT & Experimental Synthesis
mp-567347,Li2AgSn,6.129,5.567,17.93,HIGH_INDEX_CANDIDATE,Requires DFPT & Experimental Synthesis
mp-8612,Sb2TeSe2,5.78,5.757,30.52,HIGH_INDEX_CANDIDATE,Requires DFPT & Experimental Synthesis
mp-12411,Li2ZnGe,5.341,4.288,14.71,HIGH_INDEX_CANDIDATE,Requires DFPT & Experimental Synthesis
mp-2744,LiPd,5.262,6.609,14.24,HIGH_INDEX_CANDIDATE,Requires DFPT & Experimental Synthesis
mp-21199,Na3(GePt)4,5.244,8.215,20.94,HIGH_INDEX_CANDIDATE,Requires DFPT & Experimental Synthesis
mp-697068,SiPd2,5.102,9.203,14.49,HIGH_INDEX_CANDIDATE,Requires DFPT & Experimental Synthesis
mp-19722,MnCu2SnS4,4.782,4.324,20.59,HIGH_INDEX_CANDIDATE,Requires DFPT & Experimental Synthesis
mp-966,NbS2,4.693,3.918,22.18,HIGH_INDEX_CANDIDATE,Requires DFPT & Experimental Synthesis
mp-781958,V4O3F5,4.064,4.001,11.99,HIGH_INDEX_CANDIDATE,Requires DFPT & Experimental Synthesis
mp-774003,VRhO4,4.043,5.68,10.61,HIGH_INDEX_CANDIDATE,Requires DFPT & Experimental Synthesis
mp-18765,Na2NiO2,4.031,3.736,12.15,HIGH_INDEX_CANDIDATE,Requires DFPT & Experimental Synthesis
mp-765532,LiV3O5F,4.03,4.036,10.65,HIGH_INDEX_CANDIDATE,Requires DFPT & Experimental Synthesis
mp-765867,LiV3(O2F)2,4.024,3.938,11.04,HIGH_INDEX_CANDIDATE,Requires DFPT & Experimental Synthesis
mp-775985,V2NiO6,4.007,4.185,11.31,HIGH_INDEX_CANDIDATE,Requires DFPT & Experimental Synthesis
mp-1220,Be5Au,3.968,7.015,9.55,HIGH_INDEX_CANDIDATE,Requires DFPT & Experimental Synthesis
mp-761801,LiV2CoO6,3.927,4.322,10.13,HIGH_INDEX_CANDIDATE,Requires DFPT & Experimental Synthesis
mp-762268,Li3V2O6,3.798,3.397,9.72,HIGH_INDEX_CANDIDATE,Requires DFPT & Experimental Synthesis
mp-770252,CaNiO3,3.695,4.355,11.19,HIGH_INDEX_CANDIDATE,Requires DFPT & Experimental Synthesis
mp-765553,LiNi3OF5,3.674,4.544,10.74,HIGH_INDEX_CANDIDATE,Requires DFPT & Experimental Synthesis
mp-764744,V2OF5,3.63,3.292,13.42,HIGH_INDEX_CANDIDATE,Requires DFPT & Experimental Synthesis
mp-767123,LiMn3(O2F)2,3.607,4.152,10.95,HIGH_INDEX_CANDIDATE,Requires DFPT & Experimental Synthesis
mp-19086,BaCoO2,3.595,5.427,17.46,HIGH_INDEX_CANDIDATE,Requires DFPT & Experimental Synthesis
mp-777778,Li2VO2F,3.582,3.479,9.21,HIGH_INDEX_CANDIDATE,Requires DFPT & Experimental Synthesis
mp-643756,EuMgH4,3.544,4.222,11.82,HIGH_INDEX_CANDIDATE,Requires DFPT & Experimental Synthesis
mp-771797,MnCoO4,3.506,4.129,11.92,HIGH_INDEX_CANDIDATE,Requires DFPT & Experimental Synthesis
mp-629443,Li2EuGeS4,3.493,3.652,20.84,HIGH_INDEX_CANDIDATE,Requires DFPT & Experimental Synthesis
mp-765359,Li5VO4F,3.488,2.661,9.57,HIGH_INDEX_CANDIDATE,Requires DFPT & Experimental Synthesis
mp-561926,NaNiIO6,3.474,4.41,12.74,HIGH_INDEX_CANDIDATE,Requires DFPT & Experimental Synthesis
mp-505200,CoCuP2O7,3.385,3.979,11.25,HIGH_INDEX_CANDIDATE,Requires DFPT & Experimental Synthesis
mp-578,GaAg2,3.275,9.023,17.51,HIGH_INDEX_CANDIDATE,Requires DFPT & Experimental Synthesis
mp-765272,Li2V2OF5,3.255,3.335,11.29,HIGH_INDEX_CANDIDATE,Requires DFPT & Experimental Synthesis
mp-27816,Ag3BO3,3.165,6.402,14.17,HIGH_INDEX_CANDIDATE,Requires DFPT & Experimental Synthesis
mp-779211,Li2MnFe(BO3)2,3.148,3.17,10.57,HIGH_INDEX_CANDIDATE,Requires DFPT & Experimental Synthesis
mp-557291,BaCoF4,2.989,4.79,15.73,HIGH_INDEX_CANDIDATE,Requires DFPT & Experimental Synthesis
mp-777672,LiFeF3,2.848,3.284,12.11,HIGH_INDEX_CANDIDATE,Requires DFPT & Experimental Synthesis
mp-18876,K3CrO8,2.843,2.713,15.16,HIGH_INDEX_CANDIDATE,Requires DFPT & Experimental Synthesis
mp-777522,LiFeF3,2.842,3.4,11.7,HIGH_INDEX_CANDIDATE,Requires DFPT & Experimental Synthesis
mp-705676,K4MoO8,2.653,2.44,19.91,HIGH_INDEX_CANDIDATE,Requires DFPT & Experimental Synthesis
mp-764144,LiCo3OF5,2.193,4.314,11.35,STANDARD_INDEX,Requires DFPT & Experimental Synthesis
