fold,model,identifier,formula,y_true,y_pred,abs_error
2,CGCNN-style Periodic Crystal GNN,mb-dielectric-4202,InCuS2,62.06299756430305,2.8101563453674316,59.25284121893562
3,CGCNN-style Periodic Crystal GNN,mb-dielectric-4469,FeCl2,55.88597915995247,2.336637020111084,53.549342139841386
2,CGCNN-style Periodic Crystal GNN,mb-dielectric-1135,PH3,53.79349929746778,1.499298334121704,52.29420096334608
3,CGCNN-style Periodic Crystal GNN,mb-dielectric-0988,ZnO,32.973170912121944,2.098116874694824,30.87505403742712
3,CGCNN-style Periodic Crystal GNN,mb-dielectric-2488,Ce(Ni2Sn)2,33.46723669501263,4.471969127655029,28.9952675673576
4,CGCNN-style Periodic Crystal GNN,mb-dielectric-4471,Na3As,31.002267040761172,2.431520938873291,28.57074610188788
4,CGCNN-style Periodic Crystal GNN,mb-dielectric-1950,LiMn4O8,27.654888609430362,2.4958643913269043,25.159024218103458
2,CGCNN-style Periodic Crystal GNN,mb-dielectric-2650,NaVO2,24.141935768837318,2.23429536819458,21.907640400642737
2,CGCNN-style Periodic Crystal GNN,mb-dielectric-3290,YSbPt,25.85995803038616,4.478759765625,21.38119826476116
4,CGCNN-style Periodic Crystal GNN,mb-dielectric-1935,Li2AgF4,21.911911576191162,1.5812444686889648,20.330667107502197
2,CGCNN-style Periodic Crystal GNN,mb-dielectric-2937,ZrCuSi2,25.19229307413942,4.923130035400391,20.26916303873903
1,CGCNN-style Periodic Crystal GNN,mb-dielectric-1647,Cu3Se2,22.78068624222428,3.224038600921631,19.55664764130265
0,CGCNN-style Periodic Crystal GNN,mb-dielectric-1397,Ca2SnN2,17.407039744501844,2.9100558757781982,14.496983868723646
1,CGCNN-style Periodic Crystal GNN,mb-dielectric-0149,CaFeO2,14.019079689242565,2.29722261428833,11.721857074954235
1,CGCNN-style Periodic Crystal GNN,mb-dielectric-4010,GaCuSe2,14.27643746398694,2.9577696323394775,11.318667831647462
4,CGCNN-style Periodic Crystal GNN,mb-dielectric-2940,BaCdSb2,16.345261729320825,5.509371757507324,10.8358899718135
4,CGCNN-style Periodic Crystal GNN,mb-dielectric-0438,FeBr2,12.891263191130154,2.824819326400757,10.066443864729397
1,CGCNN-style Periodic Crystal GNN,mb-dielectric-2073,Ca2SnHg,15.012489567023849,4.950898170471191,10.061591396552657
2,CGCNN-style Periodic Crystal GNN,mb-dielectric-1963,ZnSnN2,12.604126506823073,2.9168877601623535,9.68723874666072
2,CGCNN-style Periodic Crystal GNN,mb-dielectric-1446,OsCl2O,11.357103822133508,1.959668517112732,9.397435305020776
